metric,hierarchy
Applied to Leased Duration,Multifamily Level
Applied to Leased Duration,PMC Level
Applied to Leased Duration,Property Level
Applied to Leased Ratio,Multifamily Level
Applied to Leased Ratio,PMC Level
Applied to Leased Ratio,Property Level
Lead to Toured Duration,Multifamily Level
Lead to Toured Duration,PMC Level
Lead to Toured Duration,Property Level
Lead to Toured Ratio,Multifamily Level
Lead to Toured Ratio,PMC Level
Lead to Toured Ratio,Property Level
Toured to Applied Duration,Multifamily Level
Toured to Applied Duration,PMC Level
Toured to Applied Duration,Property Level
Toured to Applied Ratio,Multifamily Level
Toured to Applied Ratio,PMC Level
Toured to Applied Ratio,Property Level
